{
  "results": {
    "truthfulqa_ca_gen": {
      "bleurt_max": -0.9420521794163229,
      "bleurt_max_stderr": 0.008070349353580293,
      "bleurt_acc": 0.5272496831432193,
      "bleurt_acc_stderr": 0.01778529074727827,
      "bleurt_diff": 0.0073874796751334185,
      "bleurt_diff_stderr": 0.003241571565192462,
      "bleu_max": 0.06954909818369061,
      "bleu_max_stderr": 8.803683314391379e-05,
      "bleu_acc": 0.0012674271229404308,
      "bleu_acc_stderr": 0.001267427122940426,
      "bleu_diff": 8.80368331439137e-05,
      "bleu_diff_stderr": 8.803683314391346e-05,
      "rouge1_max": 0.0009565487720305139,
      "rouge1_max_stderr": 0.000956548772030521,
      "rouge1_acc": 0.0012674271229404308,
      "rouge1_acc_stderr": 0.001267427122940426,
      "rouge1_diff": 0.0009565487720305139,
      "rouge1_diff_stderr": 0.000956548772030521,
      "rouge2_max": 0.0,
      "rouge2_max_stderr": 0.0,
      "rouge2_acc": 0.0,
      "rouge2_acc_stderr": 0.0,
      "rouge2_diff": 0.0,
      "rouge2_diff_stderr": 0.0,
      "rougeL_max": 0.0009565487720305139,
      "rougeL_max_stderr": 0.000956548772030521,
      "rougeL_acc": 0.0012674271229404308,
      "rougeL_acc_stderr": 0.001267427122940426,
      "rougeL_diff": 0.0009565487720305139,
      "rougeL_diff_stderr": 0.000956548772030521
    }
  },
  "versions": {
    "truthfulqa_ca_gen": 1
  },
  "config": {
    "model": "hf-auto",
    "model_args": "pretrained=sshleifer/tiny-gpt2",
    "batch_size": "1",
    "device": "cuda",
    "no_cache": false,
    "limit": null,
    "bootstrap_iters": 100000,
    "description_dict": {}
  }
}