{
  "results": {
    "truthfulqa_es_gen": {
      "bleurt_max": -1.2037739902406743,
      "bleurt_max_stderr": 0.015262401055412296,
      "bleurt_acc": 0.7144654088050314,
      "bleurt_acc_stderr": 0.016029121342582258,
      "bleurt_diff": 0.08294533075963927,
      "bleurt_diff_stderr": 0.008660987214779798,
      "bleu_max": 2.7597359602290648,
      "bleu_max_stderr": 0.2528968371428584,
      "bleu_acc": 0.11949685534591195,
      "bleu_acc_stderr": 0.011511540420676267,
      "bleu_diff": -0.42687741453102307,
      "bleu_diff_stderr": 0.1319434729870551,
      "rouge1_max": 9.715157801370745,
      "rouge1_max_stderr": 0.6199287853936494,
      "rouge1_acc": 0.15345911949685534,
      "rouge1_acc_stderr": 0.012791164010783562,
      "rouge1_diff": -0.6166540245742459,
      "rouge1_diff_stderr": 0.27681171346052724,
      "rouge2_max": 4.846656113760664,
      "rouge2_max_stderr": 0.4602576983344241,
      "rouge2_acc": 0.06540880503144654,
      "rouge2_acc_stderr": 0.008774425659963357,
      "rouge2_diff": -0.8562600815683679,
      "rouge2_diff_stderr": 0.23393520185184424,
      "rougeL_max": 9.007246460278022,
      "rougeL_max_stderr": 0.5879539465337525,
      "rougeL_acc": 0.15723270440251572,
      "rougeL_acc_stderr": 0.012918587406927012,
      "rougeL_diff": -0.6184043474431703,
      "rougeL_diff_stderr": 0.2741938358152598
    }
  },
  "versions": {
    "truthfulqa_es_gen": 1
  },
  "config": {
    "model": "hf-auto",
    "model_args": "pretrained=bigscience/bloom-3b",
    "batch_size": "1",
    "device": "cuda",
    "no_cache": false,
    "limit": null,
    "bootstrap_iters": 100000,
    "description_dict": {}
  }
}