{
  "results": {
    "truthfulqa_ca_gen": {
      "bleurt_max": -1.3677455820851452,
      "bleurt_max_stderr": 0.011150474474504813,
      "bleurt_acc": 0.7198986058301647,
      "bleurt_acc_stderr": 0.015996692359329243,
      "bleurt_diff": 0.09701603598165573,
      "bleurt_diff_stderr": 0.01001740950258213,
      "bleu_max": 1.6201839499834694,
      "bleu_max_stderr": 0.21707263451153994,
      "bleu_acc": 0.04055766793409379,
      "bleu_acc_stderr": 0.007027208136609456,
      "bleu_diff": -0.37814346005892446,
      "bleu_diff_stderr": 0.10324748376995727,
      "rouge1_max": 4.778869125399202,
      "rouge1_max_stderr": 0.4965689842960656,
      "rouge1_acc": 0.058301647655259824,
      "rouge1_acc_stderr": 0.008347053762717258,
      "rouge1_diff": -0.417180131707348,
      "rouge1_diff_stderr": 0.1669081369648839,
      "rouge2_max": 2.753405519223224,
      "rouge2_max_stderr": 0.37068894397880203,
      "rouge2_acc": 0.029150823827629912,
      "rouge2_acc_stderr": 0.005992916006093486,
      "rouge2_diff": -0.5597603139900899,
      "rouge2_diff_stderr": 0.16668057176754897,
      "rougeL_max": 4.4920914842151465,
      "rougeL_max_stderr": 0.46825309993548064,
      "rougeL_acc": 0.059569074778200254,
      "rougeL_acc_stderr": 0.008431615036106297,
      "rougeL_diff": -0.28500684393810827,
      "rougeL_diff_stderr": 0.15260353151542067
    }
  },
  "versions": {
    "truthfulqa_ca_gen": 1
  },
  "config": {
    "model": "hf-auto",
    "model_args": "pretrained=bigscience/bloom-3b",
    "batch_size": "1",
    "device": "cuda",
    "no_cache": false,
    "limit": null,
    "bootstrap_iters": 100000,
    "description_dict": {}
  }
}