{
  "results": {
    "truthfulqa_ar_gen": {
      "bleurt_max": -0.44404303641266124,
      "bleurt_max_stderr": 0.01727293434014454,
      "bleurt_acc": 0.47388535031847134,
      "bleurt_acc_stderr": 0.017832769976670125,
      "bleurt_diff": -0.010908354453410313,
      "bleurt_diff_stderr": 0.006559156792696205,
      "bleu_max": 11.545847341703857,
      "bleu_max_stderr": 0.5306205326159186,
      "bleu_acc": 0.26369426751592356,
      "bleu_acc_stderr": 0.01573698039760632,
      "bleu_diff": -1.4032763398385264,
      "bleu_diff_stderr": 0.4290495675816871,
      "rouge1_max": 3.717062920399134,
      "rouge1_max_stderr": 0.5310575067371955,
      "rouge1_acc": 0.03949044585987261,
      "rouge1_acc_stderr": 0.006955667794791976,
      "rouge1_diff": 0.64553302074858,
      "rouge1_diff_stderr": 0.41159136955912906,
      "rouge2_max": 1.3453129573399336,
      "rouge2_max_stderr": 0.3696365081861011,
      "rouge2_acc": 0.014012738853503185,
      "rouge2_acc_stderr": 0.004197968107160081,
      "rouge2_diff": 0.826035015743363,
      "rouge2_diff_stderr": 0.3118997651588168,
      "rougeL_max": 3.703919658848229,
      "rougeL_max_stderr": 0.5301804321438652,
      "rougeL_acc": 0.04076433121019108,
      "rougeL_acc_stderr": 0.007062277674952568,
      "rougeL_diff": 0.6539581884094164,
      "rougeL_diff_stderr": 0.411645269851222
    }
  },
  "versions": {
    "truthfulqa_ar_gen": 1
  },
  "config": {
    "model": "hf-auto",
    "model_args": "pretrained=bigscience/bloom-3b",
    "batch_size": "1",
    "device": "cuda",
    "no_cache": false,
    "limit": null,
    "bootstrap_iters": 100000,
    "description_dict": {}
  }
}