{
  "results": {
    "truthfulqa_de_gen": {
      "bleurt_max": -1.1989503065500446,
      "bleurt_max_stderr": 0.015029077147016198,
      "bleurt_acc": 0.6679292929292929,
      "bleurt_acc_stderr": 0.016745275106798335,
      "bleurt_diff": 0.11655706209553914,
      "bleurt_diff_stderr": 0.009197282582646146,
      "bleu_max": 4.4253395456936095,
      "bleu_max_stderr": 0.3591795867305396,
      "bleu_acc": 0.17803030303030304,
      "bleu_acc_stderr": 0.013601494407058332,
      "bleu_diff": 0.6134380911520013,
      "bleu_diff_stderr": 0.2366772243106249,
      "rouge1_max": 12.141555522058157,
      "rouge1_max_stderr": 0.7042630257997158,
      "rouge1_acc": 0.22348484848484848,
      "rouge1_acc_stderr": 0.014811899877479254,
      "rouge1_diff": 0.3216923310495599,
      "rouge1_diff_stderr": 0.386316261283583,
      "rouge2_max": 6.57852069958975,
      "rouge2_max_stderr": 0.5393158775011029,
      "rouge2_acc": 0.11616161616161616,
      "rouge2_acc_stderr": 0.01139277473543478,
      "rouge2_diff": -0.015264062973734659,
      "rouge2_diff_stderr": 0.36875496020809023,
      "rougeL_max": 11.230293880911615,
      "rougeL_max_stderr": 0.6633652352124512,
      "rougeL_acc": 0.21464646464646464,
      "rougeL_acc_stderr": 0.014598432620317797,
      "rougeL_diff": 0.38248142021896014,
      "rougeL_diff_stderr": 0.3670214342656499
    }
  },
  "versions": {
    "truthfulqa_de_gen": 1
  },
  "config": {
    "model": "hf-auto",
    "model_args": "pretrained=bigscience/bloom-3b",
    "batch_size": "1",
    "device": "cuda",
    "no_cache": false,
    "limit": null,
    "bootstrap_iters": 100000,
    "description_dict": {}
  }
}